Year,Month,Rainfall
1901,Jan,18.8
1901,Feb,0.6
1901,Mar,7.7
1901,Apr,36.6
1901,May,30.4
1901,Jun,107.7
1901,Jul,215.9
1901,Aug,194.1
1901,Sep,83.7
1901,Oct,68.7
1901,Nov,4.4
1901,Dec,0.5
1902,Jan,7.8
1902,Feb,0
1902,Mar,0.1
1902,Apr,5
1902,May,9.8
1902,Jun,102.6
1902,Jul,210.9
1902,Aug,114.5
1902,Sep,169.5
1902,Oct,60.4
1902,Nov,40.5
1902,Dec,62.9
1903,Jan,7.6
1903,Feb,0
1903,Mar,0
1903,Apr,3.2
1903,May,77.2
1903,Jun,86.3
1903,Jul,281.8
1903,Aug,155.5
1903,Sep,142.3
1903,Oct,74.2
1903,Nov,7.6
1903,Dec,2.2
1904,Jan,0.4
1904,Feb,4.7
1904,Mar,1.7
1904,Apr,3
1904,May,18.7
1904,Jun,114.6
1904,Jul,126.5
1904,Aug,59.5
1904,Sep,183
1904,Oct,91.1
1904,Nov,0
1904,Dec,0.4
1905,Jan,0
1905,Feb,1.2
1905,Mar,0
1905,Apr,2.3
1905,May,23.6
1905,Jun,65
1905,Jul,252.8
1905,Aug,79
1905,Sep,52.6
1905,Oct,52.9
1905,Nov,8.3
1905,Dec,0
1906,Jan,10.5
1906,Feb,0.8
1906,Mar,0
1906,Apr,0.1
1906,May,9.3
1906,Jun,184.8
1906,Jul,199.3
1906,Aug,205
1906,Sep,88.8
1906,Oct,19.1
1906,Nov,15.5
1906,Dec,11.1
1907,Jan,0.5
1907,Feb,3.7
1907,Mar,1.5
1907,Apr,54.5
1907,May,0.6
1907,Jun,118
1907,Jul,262.3
1907,Aug,267.8
1907,Sep,94.1
1907,Oct,7.6
1907,Nov,3.6
1907,Dec,0.9
1908,Jan,0.3
1908,Feb,0
1908,Mar,4.7
1908,Apr,6.3
1908,May,5.8
1908,Jun,85.1
1908,Jul,263
1908,Aug,169.9
1908,Sep,166.6
1908,Oct,16.3
1908,Nov,4
1908,Dec,0
1909,Jan,1.2
1909,Feb,0.1
1909,Mar,0.7
1909,Apr,1.4
1909,May,38.5
1909,Jun,179.6
1909,Jul,247
1909,Aug,101.6
1909,Sep,146.2
1909,Oct,31.1
1909,Nov,3.1
1909,Dec,4.7
1910,Jan,0
1910,Feb,0
1910,Mar,1
1910,Apr,0
1910,May,13.1
1910,Jun,204.6
1910,Jul,172
1910,Aug,228.6
1910,Sep,195.7
1910,Oct,70
1910,Nov,30.2
1910,Dec,0
1911,Jan,2
1911,Feb,0.1
1911,Mar,2.2
1911,Apr,0.2
1911,May,12
1911,Jun,136.9
1911,Jul,137.7
1911,Aug,153.2
1911,Sep,29.9
1911,Oct,23.6
1911,Nov,42.9
1911,Dec,3.8
1912,Jan,0
1912,Feb,0.4
1912,Mar,0
1912,Apr,9
1912,May,20.9
1912,Jun,88.3
1912,Jul,307.6
1912,Aug,150
1912,Sep,34.7
1912,Oct,86
1912,Nov,67.7
1912,Dec,0.3
1913,Jan,0
1913,Feb,0.2
1913,Mar,0
1913,Apr,8.4
1913,May,34
1913,Jun,259.9
1913,Jul,210.8
1913,Aug,86.6
1913,Sep,82.8
1913,Oct,43.7
1913,Nov,0.6
1913,Dec,5.5
1914,Jan,0
1914,Feb,0.4
1914,Mar,0.3
1914,Apr,3.7
1914,May,15.2
1914,Jun,188.3
1914,Jul,348.8
1914,Aug,204.3
1914,Sep,211.6
1914,Oct,22.1
1914,Nov,36.6
1914,Dec,7.6
1915,Jan,8.6
1915,Feb,6.6
1915,Mar,13.9
1915,Apr,21.9
1915,May,12.1
1915,Jun,195.2
1915,Jul,225.4
1915,Aug,80
1915,Sep,228.5
1915,Oct,76.8
1915,Nov,20.9
1915,Dec,18
1916,Jan,0
1916,Feb,0.2
1916,Mar,0.4
1916,Apr,4.9
1916,May,55.2
1916,Jun,144.8
1916,Jul,257.6
1916,Aug,185.9
1916,Sep,217.5
1916,Oct,136.8
1916,Nov,69.1
1916,Dec,0.1
1917,Jan,0.1
1917,Feb,20
1917,Mar,4.8
1917,Apr,7.7
1917,May,15.6
1917,Jun,174.3
1917,Jul,120.6
1917,Aug,187
1917,Sep,205.2
1917,Oct,169.5
1917,Nov,33.4
1917,Dec,0
1918,Jan,5.1
1918,Feb,0.6
1918,Mar,2.6
1918,Apr,1
1918,May,90.5
1918,Jun,51.7
1918,Jul,68.4
1918,Aug,112.4
1918,Sep,55.1
1918,Oct,13.3
1918,Nov,30
1918,Dec,7.5
1919,Jan,3
1919,Feb,0.5
1919,Mar,1.2
1919,Apr,2.7
1919,May,38.2
1919,Jun,173.5
1919,Jul,198.9
1919,Aug,153.8
1919,Sep,231.7
1919,Oct,45.1
1919,Nov,28.4
1919,Dec,1.9
1920,Jan,41.5
1920,Feb,0.2
1920,Mar,0.1
1920,Apr,9.7
1920,May,8
1920,Jun,120.7
1920,Jul,185.9
1920,Aug,94.1
1920,Sep,113.8
1920,Oct,26
1920,Nov,0.3
1920,Dec,0
1921,Jan,1.6
1921,Feb,0
1921,Mar,0.3
1921,Apr,9
1921,May,1.1
1921,Jun,105.8
1921,Jul,291.6
1921,Aug,125
1921,Sep,128.7
1921,Oct,47.5
1921,Nov,23.7
1921,Dec,0
1922,Jan,18.3
1922,Feb,2.6
1922,Mar,0
1922,Apr,16.7
1922,May,27.4
1922,Jun,161.7
1922,Jul,218.2
1922,Aug,79.4
1922,Sep,97.1
1922,Oct,41.2
1922,Nov,141.1
1922,Dec,1.4
1923,Jan,1.9
1923,Feb,1.7
1923,Mar,32.7
1923,Apr,8.7
1923,May,10.5
1923,Jun,30.7
1923,Jul,290
1923,Aug,126.5
1923,Sep,169.5
1923,Oct,6.4
1923,Nov,0
1923,Dec,2.3
1924,Jan,2.1
1924,Feb,0
1924,Mar,2.8
1924,Apr,19.7
1924,May,4.6
1924,Jun,80.3
1924,Jul,173.8
1924,Aug,220.6
1924,Sep,185.8
1924,Oct,49.7
1924,Nov,3.6
1924,Dec,5.3
1925,Jan,0
1925,Feb,0
1925,Mar,3.1
1925,Apr,1.5
1925,May,38.9
1925,Jun,177.7
1925,Jul,152
1925,Aug,115.2
1925,Sep,94.7
1925,Oct,33.9
1925,Nov,40.7
1925,Dec,4
1926,Jan,34.3
1926,Feb,0.6
1926,Mar,0.1
1926,Apr,0.2
1926,May,11.2
1926,Jun,85.9
1926,Jul,230.6
1926,Aug,258
1926,Sep,147.7
1926,Oct,8.1
1926,Nov,8.3
1926,Dec,2.2
1927,Jan,0
1927,Feb,1
1927,Mar,0.9
1927,Apr,4.6
1927,May,9.3
1927,Jun,184.9
1927,Jul,318.7
1927,Aug,85.4
1927,Sep,183.6
1927,Oct,51.3
1927,Nov,83.3
1927,Dec,2
1928,Jan,0.1
1928,Feb,10.3
1928,Mar,3.7
1928,Apr,8
1928,May,0.3
1928,Jun,143.3
1928,Jul,217.7
1928,Aug,159.6
1928,Sep,209
1928,Oct,62.5
1928,Nov,3.1
1928,Dec,14.1
1929,Jan,1
1929,Feb,6.4
1929,Mar,2
1929,Apr,37.1
1929,May,6.4
1929,Jun,155.9
1929,Jul,168.2
1929,Aug,73.7
1929,Sep,151.6
1929,Oct,82.5
1929,Nov,3.4
1929,Dec,2.2
1930,Jan,0
1930,Feb,0
1930,Mar,0.7
1930,Apr,3.2
1930,May,29.8
1930,Jun,178.1
1930,Jul,233.7
1930,Aug,106.5
1930,Sep,247
1930,Oct,87.4
1930,Nov,37.7
1930,Dec,5
1931,Jan,0
1931,Feb,0
1931,Mar,0.6
1931,Apr,14
1931,May,2.9
1931,Jun,109.7
1931,Jul,316.3
1931,Aug,233.5
1931,Sep,178.9
1931,Oct,180.9
1931,Nov,70.2
1931,Dec,25.3
1932,Jan,0
1932,Feb,0.5
1932,Mar,8.6
1932,Apr,22.3
1932,May,27.3
1932,Jun,67.3
1932,Jul,351.7
1932,Aug,221.3
1932,Sep,162.8
1932,Oct,148.4
1932,Nov,30.8
1932,Dec,4
1933,Jan,1.4
1933,Feb,0.5
1933,Mar,3.4
1933,Apr,8.5
1933,May,76.5
1933,Jun,182.3
1933,Jul,194.7
1933,Aug,259.4
1933,Sep,286.1
1933,Oct,93.3
1933,Nov,24
1933,Dec,22.3
1934,Jan,3.7
1934,Feb,0
1934,Mar,1.9
1934,Apr,7.3
1934,May,8
1934,Jun,138.2
1934,Jul,217
1934,Aug,222.3
1934,Sep,136.8
1934,Oct,41.2
1934,Nov,82
1934,Dec,0
1935,Jan,2.5
1935,Feb,0
1935,Mar,0
1935,Apr,3.7
1935,May,1.4
1935,Jun,149.6
1935,Jul,208.6
1935,Aug,195.5
1935,Sep,126.7
1935,Oct,119.4
1935,Nov,7.7
1935,Dec,3.9
1936,Jan,1.3
1936,Feb,6.2
1936,Mar,4.3
1936,Apr,3.8
1936,May,21.1
1936,Jun,169.2
1936,Jul,113.9
1936,Aug,106.3
1936,Sep,161.5
1936,Oct,17.2
1936,Nov,130.4
1936,Dec,0.3
1937,Jan,0
1937,Feb,2
1937,Mar,2
1937,Apr,47.7
1937,May,4.7
1937,Jun,146.7
1937,Jul,319.4
1937,Aug,63.6
1937,Sep,219.9
1937,Oct,96.1
1937,Nov,1.3
1937,Dec,11
1938,Jan,0.6
1938,Feb,1
1938,Mar,23.5
1938,Apr,12.2
1938,May,50.4
1938,Jun,239.9
1938,Jul,286.6
1938,Aug,169.4
1938,Sep,191.5
1938,Oct,141.3
1938,Nov,7.6
1938,Dec,2.3
1939,Jan,0.2
1939,Feb,0.2
1939,Mar,4.1
1939,Apr,6.3
1939,May,1.1
1939,Jun,127.6
1939,Jul,303.9
1939,Aug,219.9
1939,Sep,88.5
1939,Oct,41.8
1939,Nov,27.3
1939,Dec,0.8
1940,Jan,1.3
1940,Feb,1.8
1940,Mar,0.5
1940,Apr,16.5
1940,May,15.8
1940,Jun,191.3
1940,Jul,215.9
1940,Aug,188.7
1940,Sep,132
1940,Oct,95.2
1940,Nov,30.1
1940,Dec,4.2
1941,Jan,28.2
1941,Feb,8
1941,Mar,1.8
1941,Apr,5.4
1941,May,4.2
1941,Jun,96.1
1941,Jul,338.6
1941,Aug,103.7
1941,Sep,143.3
1941,Oct,44.5
1941,Nov,0.1
1941,Dec,0.4
1942,Jan,0.2
1942,Feb,2.5
1942,Mar,0.2
1942,Apr,6.7
1942,May,10
1942,Jun,213.3
1942,Jul,364.7
1942,Aug,191.6
1942,Sep,93.8
1942,Oct,20
1942,Nov,1.3
1942,Dec,36.9
1943,Jan,4.1
1943,Feb,0
1943,Mar,1.5
1943,Apr,3.5
1943,May,63.4
1943,Jun,150.5
1943,Jul,316.4
1943,Aug,80.9
1943,Sep,166.2
1943,Oct,196
1943,Nov,10.6
1943,Dec,0
1944,Jan,0.8
1944,Feb,0.7
1944,Mar,10.3
1944,Apr,0.1
1944,May,21.4
1944,Jun,132.2
1944,Jul,421.7
1944,Aug,227.8
1944,Sep,142.1
1944,Oct,115.3
1944,Nov,13.6
1944,Dec,0
1945,Jan,4.2
1945,Feb,0
1945,Mar,0
1945,Apr,9.8
1945,May,5.2
1945,Jun,125.6
1945,Jul,263.7
1945,Aug,209
1945,Sep,132.4
1945,Oct,37.1
1945,Nov,6.3
1945,Dec,0
1946,Jan,0
1946,Feb,2.9
1946,Mar,0
1946,Apr,22
1946,May,34.3
1946,Jun,138.4
1946,Jul,288.5
1946,Aug,255.9
1946,Sep,170.3
1946,Oct,23.1
1946,Nov,152.8
1946,Dec,15.4
1947,Jan,18.7
1947,Feb,1.4
1947,Mar,4.4
1947,Apr,31
1947,May,19.6
1947,Jun,63
1947,Jul,230.6
1947,Aug,272.8
1947,Sep,216.2
1947,Oct,23
1947,Nov,10.3
1947,Dec,14.6
1948,Jan,16.9
1948,Feb,0.7
1948,Mar,4.3
1948,Apr,7.6
1948,May,8.9
1948,Jun,191
1948,Jul,239.6
1948,Aug,181.4
1948,Sep,162
1948,Oct,66.6
1948,Nov,137.1
1948,Dec,0.1
1949,Jan,0
1949,Feb,0
1949,Mar,2
1949,Apr,4.8
1949,May,58.4
1949,Jun,102
1949,Jul,201.3
1949,Aug,174
1949,Sep,323.1
1949,Oct,82.2
1949,Nov,5.7
1949,Dec,0
1950,Jan,0
1950,Feb,0.2
1950,Mar,1.5
1950,Apr,5.9
1950,May,23.2
1950,Jun,59.5
1950,Jul,400.2
1950,Aug,102.9
1950,Sep,248.8
1950,Oct,87.3
1950,Nov,2.2
1950,Dec,0.8
1951,Jan,0.1
1951,Feb,0
1951,Mar,0.5
1951,Apr,9.3
1951,May,29.5
1951,Jun,150.1
1951,Jul,250.2
1951,Aug,136.3
1951,Sep,71.7
1951,Oct,128.9
1951,Nov,20.1
1951,Dec,0
1952,Jan,0
1952,Feb,1.9
1952,Mar,0
1952,Apr,8.9
1952,May,18.9
1952,Jun,131.2
1952,Jul,268.8
1952,Aug,139.1
1952,Sep,57.1
1952,Oct,56.7
1952,Nov,0
1952,Dec,0.8
1953,Jan,1.2
1953,Feb,0
1953,Mar,0.1
1953,Apr,24.5
1953,May,2
1953,Jun,186.3
1953,Jul,216.5
1953,Aug,220.2
1953,Sep,126.8
1953,Oct,116.1
1953,Nov,0
1953,Dec,0
1954,Jan,2
1954,Feb,0.4
1954,Mar,16
1954,Apr,6
1954,May,15.8
1954,Jun,158.5
1954,Jul,305.3
1954,Aug,171.7
1954,Sep,263
1954,Oct,30.1
1954,Nov,0
1954,Dec,16.2
1955,Jan,3.2
1955,Feb,0
1955,Mar,6.8
1955,Apr,12.2
1955,May,25.8
1955,Jun,140.9
1955,Jul,149.6
1955,Aug,254.3
1955,Sep,218.9
1955,Oct,159
1955,Nov,10.4
1955,Dec,0
1956,Jan,1.5
1956,Feb,0.2
1956,Mar,1.1
1956,Apr,11.3
1956,May,91.2
1956,Jun,111
1956,Jul,360.5
1956,Aug,252
1956,Sep,165.8
1956,Oct,148
1956,Nov,90.1
1956,Dec,1.1
1957,Jan,0.1
1957,Feb,0
1957,Mar,4.8
1957,Apr,20.9
1957,May,36.9
1957,Jun,177.8
1957,Jul,196.4
1957,Aug,202.2
1957,Sep,98.7
1957,Oct,85.1
1957,Nov,26.8
1957,Dec,0.1
1958,Jan,1.6
1958,Feb,0
1958,Mar,5.4
1958,Apr,23.6
1958,May,32.9
1958,Jun,101.9
1958,Jul,393.3
1958,Aug,296.6
1958,Sep,112.1
1958,Oct,57.4
1958,Nov,29.2
1958,Dec,0.1
1959,Jan,2.4
1959,Feb,0
1959,Mar,0
1959,Apr,16.8
1959,May,39.3
1959,Jun,174.7
1959,Jul,344.3
1959,Aug,199
1959,Sep,202.7
1959,Oct,84.7
1959,Nov,54.9
1959,Dec,0.1
1960,Jan,3.6
1960,Feb,0
1960,Mar,3
1960,Apr,5.1
1960,May,61.3
1960,Jun,146.4
1960,Jul,235
1960,Aug,138
1960,Sep,229
1960,Oct,44.9
1960,Nov,18.8
1960,Dec,0.8
1961,Jan,0.3
1961,Feb,0.1
1961,Mar,0.5
1961,Apr,9.8
1961,May,104.2
1961,Jun,163.5
1961,Jul,411.9
1961,Aug,135
1961,Sep,104.8
1961,Oct,128
1961,Nov,10
1961,Dec,2.5
1962,Jan,0.2
1962,Feb,0.1
1962,Mar,6.7
1962,Apr,12.9
1962,May,57.2
1962,Jun,46.8
1962,Jul,287.5
1962,Aug,164
1962,Sep,199.9
1962,Oct,51.9
1962,Nov,23
1962,Dec,48.8
1963,Jan,0.8
1963,Feb,4.3
1963,Mar,14
1963,Apr,12
1963,May,23.3
1963,Jun,138.6
1963,Jul,252.3
1963,Aug,268.7
1963,Sep,72.7
1963,Oct,93.5
1963,Nov,19.1
1963,Dec,0.6
1964,Jan,0
1964,Feb,0
1964,Mar,4.1
1964,Apr,6.2
1964,May,7
1964,Jun,139.8
1964,Jul,238.9
1964,Aug,242.3
1964,Sep,223.1
1964,Oct,60
1964,Nov,23.3
1964,Dec,0.9
1965,Jan,5.8
1965,Feb,0.2
1965,Mar,0.3
1965,Apr,10.2
1965,May,12.3
1965,Jun,82.9
1965,Jul,380.7
1965,Aug,200.3
1965,Sep,54.8
1965,Oct,10
1965,Nov,4.6
1965,Dec,28.5
1966,Jan,1.9
1966,Feb,0.5
1966,Mar,1.4
1966,Apr,2.1
1966,May,81.5
1966,Jun,83.8
1966,Jul,315
1966,Aug,94
1966,Sep,149
1966,Oct,14.5
1966,Nov,82.6
1966,Dec,11.2
1967,Jan,0
1967,Feb,0.1
1967,Mar,4.7
1967,Apr,13.3
1967,May,7.8
1967,Jun,130.4
1967,Jul,367.4
1967,Aug,139
1967,Sep,146.7
1967,Oct,43.1
1967,Nov,2.1
1967,Dec,58.6
1968,Jan,1.6
1968,Feb,3.6
1968,Mar,9.4
1968,Apr,11.2
1968,May,2.5
1968,Jun,95.4
1968,Jul,238.9
1968,Aug,213.3
1968,Sep,172.1
1968,Oct,60.6
1968,Nov,15.1
1968,Dec,0.3
1969,Jan,0.2
1969,Feb,0
1969,Mar,1.4
1969,Apr,5.8
1969,May,4
1969,Jun,140.1
1969,Jul,307.1
1969,Aug,248.3
1969,Sep,234
1969,Oct,20.1
1969,Nov,22.3
1969,Dec,0.9
1970,Jan,1
1970,Feb,0
1970,Mar,0.6
1970,Apr,17.9
1970,May,39.1
1970,Jun,195.4
1970,Jul,200.1
1970,Aug,254.9
1970,Sep,161.3
1970,Oct,70.9
1970,Nov,0
1970,Dec,0
1971,Jan,0
1971,Feb,0
1971,Mar,0.1
1971,Apr,3.8
1971,May,43.3
1971,Jun,155.6
1971,Jul,124.9
1971,Aug,204
1971,Sep,185.6
1971,Oct,56
1971,Nov,0
1971,Dec,0
1972,Jan,0
1972,Feb,0.2
1972,Mar,0
1972,Apr,4
1972,May,13.8
1972,Jun,90.4
1972,Jul,195.1
1972,Aug,99.3
1972,Sep,88.1
1972,Oct,7.3
1972,Nov,21.6
1972,Dec,0.1
1973,Jan,0
1973,Feb,3
1973,Mar,1.8
1973,Apr,3.2
1973,May,10.1
1973,Jun,124.7
1973,Jul,312
1973,Aug,243.9
1973,Sep,172.8
1973,Oct,104.8
1973,Nov,3.9
1973,Dec,0.4
1974,Jan,0
1974,Feb,0.1
1974,Mar,2.5
1974,Apr,14.6
1974,May,60.9
1974,Jun,77.5
1974,Jul,217.9
1974,Aug,184.7
1974,Sep,201.5
1974,Oct,152
1974,Nov,0.1
1974,Dec,0
1975,Jan,0.4
1975,Feb,1.1
1975,Mar,0.1
1975,Apr,1
1975,May,15.4
1975,Jun,165.6
1975,Jul,228
1975,Aug,223.2
1975,Sep,242.8
1975,Oct,158.3
1975,Nov,4.8
1975,Dec,0
1976,Jan,0.1
1976,Feb,0
1976,Mar,6
1976,Apr,3.4
1976,May,3.3
1976,Jun,283.6
1976,Jul,315.6
1976,Aug,240.8
1976,Sep,87.7
1976,Oct,14.3
1976,Nov,68.9
1976,Dec,2.2
1977,Jan,0
1977,Feb,0.1
1977,Mar,7.1
1977,Apr,9.9
1977,May,31.3
1977,Jun,209
1977,Jul,262.5
1977,Aug,150.4
1977,Sep,94.6
1977,Oct,64.4
1977,Nov,112.1
1977,Dec,5.7
1978,Jan,0.7
1978,Feb,10.8
1978,Mar,4.6
1978,Apr,22.2
1978,May,33.1
1978,Jun,174.2
1978,Jul,179.6
1978,Aug,211.8
1978,Sep,124.1
1978,Oct,57
1978,Nov,63.5
1978,Dec,2.1
1979,Jan,3.5
1979,Feb,1.8
1979,Mar,5.3
1979,Apr,1
1979,May,7.1
1979,Jun,129.7
1979,Jul,194.5
1979,Aug,299
1979,Sep,249.9
1979,Oct,46
1979,Nov,88.4
1979,Dec,0.5
1980,Jan,0
1980,Feb,0
1980,Mar,1.5
1980,Apr,16.1
1980,May,8.6
1980,Jun,279.2
1980,Jul,197.4
1980,Aug,286.6
1980,Sep,89.2
1980,Oct,14.7
1980,Nov,29.8
1980,Dec,16.4
1981,Jan,10.5
1981,Feb,0
1981,Mar,3.7
1981,Apr,6.8
1981,May,7.7
1981,Jun,135.9
1981,Jul,248.9
1981,Aug,188.6
1981,Sep,253.7
1981,Oct,56.8
1981,Nov,11
1981,Dec,6.2
1982,Jan,2.1
1982,Feb,0.2
1982,Mar,0.2
1982,Apr,6.3
1982,May,33.8
1982,Jun,114.6
1982,Jul,187.7
1982,Aug,186.6
1982,Sep,119.5
1982,Oct,55.2
1982,Nov,45.8
1982,Dec,0
1983,Jan,0.1
1983,Feb,1.4
1983,Mar,0
1983,Apr,0
1983,May,2.8
1983,Jun,125.3
1983,Jul,218.1
1983,Aug,259.4
1983,Sep,263
1983,Oct,43.2
1983,Nov,2.5
1983,Dec,2.8
1984,Jan,0.6
1984,Feb,11.2
1984,Mar,3.7
1984,Apr,4.6
1984,May,0.6
1984,Jun,109.6
1984,Jul,260.8
1984,Aug,140
1984,Sep,133.2
1984,Oct,109.1
1984,Nov,4.7
1984,Dec,1.7
1985,Jan,2.6
1985,Feb,0.2
1985,Mar,2.3
1985,Apr,9.1
1985,May,12.3
1985,Jun,118.7
1985,Jul,189.5
1985,Aug,145.1
1985,Sep,63.5
1985,Oct,107.3
1985,Nov,5.4
1985,Dec,0
1986,Jan,1.6
1986,Feb,2.7
1986,Mar,0.3
1986,Apr,2.4
1986,May,8.6
1986,Jun,200.8
1986,Jul,126.1
1986,Aug,157.9
1986,Sep,101
1986,Oct,8.9
1986,Nov,19.4
1986,Dec,14.6
1987,Jan,1.7
1987,Feb,3.9
1987,Mar,2.5
1987,Apr,4
1987,May,36.6
1987,Jun,130.3
1987,Jul,166.7
1987,Aug,226.9
1987,Sep,63.5
1987,Oct,98.8
1987,Nov,38
1987,Dec,34.6
1988,Jan,0
1988,Feb,0.1
1988,Mar,0.1
1988,Apr,18.8
1988,May,7.6
1988,Jun,111
1988,Jul,314.1
1988,Aug,165.7
1988,Sep,324.8
1988,Oct,27.5
1988,Nov,1.9
1988,Dec,4.9
1989,Jan,0
1989,Feb,0
1989,Mar,16.3
1989,Apr,3.3
1989,May,11.8
1989,Jun,153.5
1989,Jul,271.9
1989,Aug,152.1
1989,Sep,181.6
1989,Oct,22.9
1989,Nov,1.4
1989,Dec,1.7
1990,Jan,2.6
1990,Feb,0.2
1990,Mar,0
1990,Apr,0.2
1990,May,78.2
1990,Jun,150.5
1990,Jul,227.3
1990,Aug,294.6
1990,Sep,94.9
1990,Oct,154.9
1990,Nov,17.2
1990,Dec,1.9
1991,Jan,0
1991,Feb,0.1
1991,Mar,0.3
1991,Apr,12.2
1991,May,19.2
1991,Jun,293.8
1991,Jul,318.1
1991,Aug,143.9
1991,Sep,67.3
1991,Oct,21
1991,Nov,4.7
1991,Dec,0.1
1992,Jan,0
1992,Feb,0
1992,Mar,0
1992,Apr,2.1
1992,May,5.1
1992,Jun,146.9
1992,Jul,190.6
1992,Aug,248.6
1992,Sep,132.1
1992,Oct,55.6
1992,Nov,10.1
1992,Dec,0
1993,Jan,0
1993,Feb,0.1
1993,Mar,3
1993,Apr,5.7
1993,May,11.5
1993,Jun,147.6
1993,Jul,289.2
1993,Aug,162.4
1993,Sep,162.6
1993,Oct,192.8
1993,Nov,10.7
1993,Dec,34.3
1994,Jan,3.1
1994,Feb,0.1
1994,Mar,0.6
1994,Apr,21.8
1994,May,23.8
1994,Jun,253.2
1994,Jul,332.9
1994,Aug,188.4
1994,Sep,118.9
1994,Oct,66.2
1994,Nov,12.6
1994,Dec,0
1995,Jan,20
1995,Feb,0.2
1995,Mar,5.4
1995,Apr,6.7
1995,May,24
1995,Jun,63.6
1995,Jul,253.1
1995,Aug,82.7
1995,Sep,194.3
1995,Oct,121.5
1995,Nov,4.9
1995,Dec,0
1996,Jan,0.1
1996,Feb,0
1996,Mar,0.1
1996,Apr,4.1
1996,May,5.7
1996,Jun,162.3
1996,Jul,281
1996,Aug,184.1
1996,Sep,161.4
1996,Oct,171.3
1996,Nov,4.8
1996,Dec,0.4
1997,Jan,3.3
1997,Feb,0
1997,Mar,2.4
1997,Apr,15.3
1997,May,6.5
1997,Jun,180.2
1997,Jul,239.9
1997,Aug,295.5
1997,Sep,91.7
1997,Oct,57.7
1997,Nov,68.8
1997,Dec,39.6
1998,Jan,0.2
1998,Feb,0
1998,Mar,0.6
1998,Apr,2.5
1998,May,18.4
1998,Jun,147.1
1998,Jul,264.1
1998,Aug,226.4
1998,Sep,257.2
1998,Oct,162.5
1998,Nov,22.1
1998,Dec,0
1999,Jan,0
1999,Feb,6.7
1999,Mar,0
1999,Apr,0.1
1999,May,39.2
1999,Jun,225.3
1999,Jul,262.5
1999,Aug,85.4
1999,Sep,169
1999,Oct,177.6
1999,Nov,0
1999,Dec,0
2000,Jan,0.4
2000,Feb,1.1
2000,Mar,0.2
2000,Apr,1.7
2000,May,18.5
2000,Jun,173
2000,Jul,198.7
2000,Aug,159.6
2000,Sep,87
2000,Oct,56.5
2000,Nov,2.7
2000,Dec,2.1
2001,Jan,4.4
2001,Feb,0
2001,Mar,0.3
2001,Apr,4.7
2001,May,8.4
2001,Jun,157.9
2001,Jul,179.3
2001,Aug,160.9
2001,Sep,137.3
2001,Oct,125.5
2001,Nov,5.7
2001,Dec,0.5
2002,Jan,1.7
2002,Feb,3.1
2002,Mar,1
2002,Apr,13
2002,May,14.4
2002,Jun,251.9
2002,Jul,95.6
2002,Aug,221.5
2002,Sep,95.8
2002,Oct,36.3
2002,Nov,5.9
2002,Dec,0
2003,Jan,0.8
2003,Feb,2.2
2003,Mar,1.5
2003,Apr,5.7
2003,May,15.1
2003,Jun,210.8
2003,Jul,208.7
2003,Aug,178.4
2003,Sep,116.2
2003,Oct,29.5
2003,Nov,3.5
2003,Dec,0.1
2004,Jan,0.1
2004,Feb,0.1
2004,Mar,0
2004,Apr,4.7
2004,May,49
2004,Jun,215.9
2004,Jul,174.2
2004,Aug,354.1
2004,Sep,181.2
2004,Oct,42.1
2004,Nov,8
2004,Dec,0.1
2005,Jan,3.6
2005,Feb,0.4
2005,Mar,1.6
2005,Apr,11.1
2005,May,7.8
2005,Jun,240.5
2005,Jul,361.2
2005,Aug,256.1
2005,Sep,276.4
2005,Oct,62.7
2005,Nov,0
2005,Dec,0
2006,Jan,0
2006,Feb,0
2006,Mar,7.1
2006,Apr,0.2
2006,May,42.3
2006,Jun,205.3
2006,Jul,416.4
2006,Aug,421.7
2006,Sep,217
2006,Oct,60.1
2006,Nov,25.5
2006,Dec,0
2007,Jan,1.3
2007,Feb,0.4
2007,Mar,0
2007,Apr,2.1
2007,May,5.5
2007,Jun,266.9
2007,Jul,293.5
2007,Aug,274.2
2007,Sep,189.2
2007,Oct,3.4
2007,Nov,3.9
2007,Dec,0
2008,Jan,0
2008,Feb,0
2008,Mar,18.1
2008,Apr,0.6
2008,May,1.1
2008,Jun,107.9
2008,Jul,157.9
2008,Aug,257.6
2008,Sep,312.4
2008,Oct,56.6
2008,Nov,3.7
2008,Dec,0.9
2009,Jan,0
2009,Feb,1.7
2009,Mar,0.8
2009,Apr,0.4
2009,May,7.7
2009,Jun,68.9
2009,Jul,329.8
2009,Aug,148.2
2009,Sep,162.6
2009,Oct,96.2
2009,Nov,121.3
2009,Dec,4.3
2010,Jan,2.9
2010,Feb,0.1
2010,Mar,0.9
2010,Apr,2.3
2010,May,5.4
2010,Jun,185.6
2010,Jul,280.9
2010,Aug,233.2
2010,Sep,165.6
2010,Oct,77.1
2010,Nov,73.4
2010,Dec,0.2
2011,Jan,0
2011,Feb,0.3
2011,Mar,0.3
2011,Apr,5
2011,May,2.9
2011,Jun,133.3
2011,Jul,261.4
2011,Aug,238.1
2011,Sep,148.4
2011,Oct,62.8
2011,Nov,0
2011,Dec,0
2012,Jan,0
2012,Feb,0
2012,Mar,0
2012,Apr,3
2012,May,1.4
2012,Jun,67.9
2012,Jul,203
2012,Aug,187.8
2012,Sep,129.5
2012,Oct,95.2
2012,Nov,2.2
2012,Dec,0
2013,Jan,0.1
2013,Feb,5.3
2013,Mar,0.8
2013,Apr,5.7
2013,May,6
2013,Jun,212.4
2013,Jul,311.8
2013,Aug,147
2013,Sep,210.3
2013,Oct,57.8
2013,Nov,4
2013,Dec,1.3
2014,Jan,3.1
2014,Feb,6.2
2014,Mar,24.4
2014,Apr,7.5
2014,May,29.8
2014,Jun,44
2014,Jul,277.9
2014,Aug,240.3
2014,Sep,120.4
2014,Oct,38.5
2014,Nov,32.8
2014,Dec,13.1
2015,Jan,1.4
2015,Feb,0.8
2015,Mar,41.2
2015,Apr,9.6
2015,May,24.4
2015,Jun,177
2015,Jul,111.7
2015,Aug,67.2
2015,Sep,146.6
2015,Oct,48.3
2015,Nov,16.2
2015,Dec,0.1
2016,Jan,0
2016,Feb,0.7
2016,Mar,7.1
2016,Apr,1.4
2016,May,7.7
2016,Jun,100.7
2016,Jul,319.6
2016,Aug,232.7
2016,Sep,171.9
2016,Oct,62.4
2016,Nov,1.1
2016,Dec,0.9
2017,Jan,0
2017,Feb,0
2017,Mar,0.4
2017,Apr,0.8
2017,May,18
2017,Jun,189.2
2017,Jul,280.9
2017,Aug,192
2017,Sep,190.1
2017,Oct,112.8
2017,Nov,5
2017,Dec,5.1
2018,Jan,0
2018,Feb,0
2018,Mar,3.14448114
2018,Apr,1.92699406
2018,May,12.88658375
2018,Jun,155.1600264
2018,Jul,250.9730263
2018,Aug,203.6405144
2018,Sep,164.6351429
2018,Oct,68.97461571
2018,Nov,15.411257
2018,Dec,0.34225687
2019,Jan,0
2019,Feb,0
2019,Mar,2.84430148
2019,Apr,1.6268144
2019,May,12.5864041
2019,Jun,154.8598467
2019,Jul,250.6728467
2019,Aug,203.3403347
2019,Sep,164.3349632
2019,Oct,68.67443605
2019,Nov,15.11107734
2019,Dec,0.04207721
